review_id,business_name,business_type,customer_name,rating,review_text,date,helpful_votes,verified_purchase
r001,Morning Brew Coffee Shop,Cafe,Alex Johnson,5,"This coffee shop has completely transformed my morning routine! The atmosphere is cozy yet modern, and the baristas remember my usual order. Their house blend is perfectly balanced - not too bitter and not too acidic. Plus, they source beans from local roasters which I appreciate.",2024-09-12,14,TRUE
r002,Hometown Bakery,Bakery,Maria Garcia,4,"The pastries are absolutely divine! I tried their almond croissant and it transported me straight to Paris. Only giving 4 stars because prices are slightly higher than other local bakeries, but the quality makes up for it.",2024-08-27,7,TRUE
r003,Spice Garden Indian Restaurant,Restaurant,David Kim,5,"I thought I knew good Indian food until I visited Spice Garden. Their butter chicken has the perfect balance of spices, and the naan is made fresh for each order. The owner personally checked on our table to make sure everything was to our liking. Outstanding service!",2024-09-02,23,TRUE
r004,Quick Bites Sandwich Shop,Fast Casual,Taylor Wilson,2,"My sandwich came with wilted lettuce and the bread was stale. They charged more than the price quoted on their menu board. The cashier seemed nice but rushed through the order. I expected better for the premium price.",2024-07-15,4,TRUE
r005,Artisan Pizza Company,Restaurant,James Peterson,5,"Their wood-fired sourdough pizza is life-changing! I've tried pizzas all over the country, and Artisan stands with the best. The owner still makes the dough daily using a 100-year-old starter. You can taste the dedication in every bite.",2024-09-18,16,TRUE
r006,Golden Dragon Chinese Restaurant,Restaurant,Robert Chen,5,"Finally found authentic Chinese food in this town! Chef Liu takes his time to explain regional differences in dishes and makes recommendations based on your preferences. The hot pot experience is as good as what I've had in Chengdu. Already booked my next visit.",2024-08-30,9,TRUE
r007,Hometown Bakery,Bakery,Sarah Miller,3,"The pastries are delicious but twice now I've placed special orders that weren't ready on time. I understand they're busy but better organization would help. The taste keeps me coming back despite the frustration.",2024-09-05,3,TRUE
r008,Vintage Wine Bar,Bar & Restaurant,Emma Davis,5,"This place is a treasure trove for wine lovers! The sommelier has an encyclopedic knowledge of obscure vineyards and helped me discover a rare Portuguese red I've been hunting for years. The cheese pairing board is a perfect complement.",2024-09-10,12,TRUE
r009,Morning Brew Coffee Shop,Cafe,Michael Thompson,4,"Great coffee but it can get extremely crowded on weekends. I sometimes have to wait 15+ minutes for my order. That said, their seasonal specials are worth the wait - the autumn spice latte is incredible!",2024-09-14,8,TRUE
r010,Fresh Catch Seafood Market & Grill,Restaurant,Jennifer Wong,5,"The freshest seafood in the city! Their daily specials feature whatever came off the boat that morning. The chef's preparation is always perfect - enhancing rather than masking the natural flavors. Their monthly seafood boil events are worth planning ahead for.",2024-08-22,19,TRUE
r011,Farm to Table Bistro,Restaurant,Thomas Martinez,5,"After being quoted $80 per person at another farm-to-table restaurant, Farm to Table Bistro delivered an exceptional meal for $45! They explained the source of every ingredient, introduced us to the farmers who grew our food, and even followed up a week later for feedback. Sustainable eating done right!",2024-09-01,27,TRUE
r012,Taco Truck Revolution,Food Truck,Sophia Rodriguez,2,"They claim 'authentic street tacos' but the flavors were bland and Americanized. When I mentioned this, they seemed offended rather than interested in customer feedback. The tortillas were store-bought, not homemade as advertised.",2024-07-25,5,TRUE
r013,Organic Harvest Grocery & Cafe,Grocery/Cafe,William Jackson,5,"Their prepared foods section saved my dinner parties! The staff spent 30 minutes helping me plan a menu for guests with multiple dietary restrictions. Everything is clearly labeled with ingredients and allergens. Their weekend cooking workshops have been incredibly educational.",2024-08-05,11,TRUE
r014,The Spice Merchant,Specialty Grocery,Olivia Brown,5,"If you cook international cuisine, this is your paradise. They stock spices I've never found elsewhere in town. The owner lets you smell before buying and provides recipe suggestions. The freshly ground spice blends are game-changers for home cooking!",2024-09-07,14,TRUE
r015,Sweet Dreams Ice Cream Parlor,Dessert Shop,Daniel Lee,5,"My kids are extremely picky about ice cream, but Sweet Dreams won them over immediately. The staff was incredibly patient letting them sample flavors, and the seasonal fruit sorbets use local produce. Their dairy-free options are actually creamy and delicious!",2024-09-20,8,TRUE
r016,Healthy Habits Juice Bar,Cafe,Rachel Green,4,"Great neighborhood spot with well-crafted smoothies and fresh juices. The acai bowls are generous and perfectly assembled. Only complaint is that some of the specialty drinks get sold out too quickly. Would love to see them prepare more of the popular ones.",2024-08-14,6,TRUE
r017,Hometown Bakery,Bakery,Christopher Adams,5,"Their birthday cakes are works of art! I ordered one for my daughter with a custom design, and it exceeded all expectations - both in appearance and taste. Worth every penny and the smile on my daughter's face was priceless.",2024-09-15,13,TRUE
r018,Smoky Mountain BBQ,Restaurant,Brandon Taylor,3,"Good selection of smoked meats but prices are on the high side. The staff can be a bit rushed during peak hours. That said, their brisket is tender and well-seasoned, and the homemade sauces are excellent.",2024-08-28,9,TRUE
r019,Morning Brew Coffee Shop,Cafe,Jessica Wilson,5,"As a remote worker, I appreciate that they have great wifi and don't mind if you camp out with your laptop. The lavender honey latte is my go-to, and their homemade pastries are so much better than chain cafes. The atmosphere is perfect for productivity.",2024-09-03,15,TRUE
r020,Mediterranean Delights,Restaurant,Nicholas Johnson,5,"Found the perfect date night spot! Their mezze platter is generous and perfect for sharing. The olive oil is imported directly from a small Greek producer, and the freshly baked pita comes to the table still warm. The family recipes have been passed down for generations.",2024-08-17,7,TRUE
r021,Food Truck Alley,Food Truck,Amanda Lopez,1,"Terrible experience. The Korean fusion truck quoted one price when ordering then charged almost double when food was ready. When I questioned it, they were defensive and rude. The food was mediocre and portions tiny.",2024-07-30,12,TRUE
r022,Sunrise Breakfast Diner,Restaurant,Kevin Smith,5,"First time visiting and I'm already planning my next breakfast! The attention to detail is impressive - perfectly poached eggs, house-made English muffins, and the crispiest hash browns I've ever had. The complimentary beignets while waiting were also fantastic.",2024-09-08,5,TRUE
r023,Urban Cooking School,Cooking School/Cafe,Lisa Chen,5,"The cooking classes have revolutionized my home meals! For $50, I got a 3-hour hands-on pasta making workshop, enjoyed the meal we prepared with wine pairings, and took home leftovers. The instructors are patient and knowledgeable, making techniques accessible to beginners.",2024-09-19,11,TRUE
r024,Book & Brew,Cafe,Andrew Miller,4,"A delightful haven for book lovers who enjoy good coffee. Their literary-themed drinks are creative and tasty. Only reason for 4 stars instead of 5 is the limited food menu - would love more substantial options to enable longer reading sessions!",2024-08-25,3,TRUE
r025,The Spice Merchant,Specialty Grocery,Michelle Park,5,"This store has transformed my cooking! The owner recommended a Moroccan spice blend that has become a staple in my kitchen. Love that they sell in small quantities so you can try things without committing to large amounts. Their vanilla beans are the best quality I've found anywhere.",2024-09-06,10,TRUE
r026,Fitness Fuel Cafe,Health Food Cafe,John Davis,2,"Their smoothie bowls look pretty on Instagram but taste bland and are overpriced. Several items had ingredients different from what was listed on the menu. Staff seemed uninterested when I brought it up. Not worth the 'healthy eating' premium they charge.",2024-07-22,15,TRUE
r027,Green Earth Vegetarian,Restaurant,Elizabeth Wong,5,"As a beginner vegetarian, I was worried about limited options, but Green Earth's menu is diverse and satisfying. They make meat substitutes in-house rather than using processed alternatives. Their mushroom 'steak' converted even my carnivore husband!",2024-08-11,17,TRUE
r028,Purrfect Cat Cafe,Theme Cafe,Ryan Thompson,4,"My daughter loved interacting with the rescue cats while enjoying her hot chocolate. They did a beautiful job creating cat-shaped latte art. Only taking off one star because they were running 30 minutes behind schedule and didn't call to let us know.",2024-09-09,4,TRUE
r029,Artisanal Cheese Shop,Specialty Food,Laura Martinez,5,"Purchased their curated cheese board for a dinner party and it was absolutely stunning. The cheesemonger was actually there that day and explained the aging process for each selection. Every bite tells a story, and the prices are fair for the incredible quality.",2024-08-31,8,TRUE
r030,Morning Brew Coffee Shop,Cafe,Brian Wilson,3,"The coffee is excellent, but the service can be painfully slow during rush hours. I've waited up to 20 minutes for a simple drip coffee. They need to hire more staff or streamline their processes if they want to keep customers happy.",2024-08-19,14,TRUE
r031,Hometown Bakery,Bakery,Nicole Brown,5,"Their gluten-free options are the best I've ever had! As someone with celiac disease, I've gotten used to compromising on taste, but their GF chocolate cake was indistinguishable from the regular version. The staff is also very knowledgeable about cross-contamination concerns.",2024-09-17,20,TRUE
r032,Sushi Supreme,Restaurant,Eric Johnson,5,"This sushi restaurant is keeping traditional techniques alive! The omakase experience is worth every penny - Chef Tanaka explains each fish's origin and preparation. They fly in specialty items from Japan twice weekly, and it shows in the freshness.",2024-09-04,9,TRUE
r033,Texas Steakhouse,Restaurant,Samuel Kim,4,"Solid steakhouse with properly aged beef. The dry-aged ribeye is worth the splurge, and they cook it exactly to your requested temperature. Only complaint is that it can be hard to get a reservation on short notice, but that speaks to their popularity.",2024-08-15,6,TRUE
r034,Farm Fresh Market & Kitchen,Grocery/Restaurant,Melissa Garcia,5,"As someone who's dealt with misleading 'local food' claims before, Farm Fresh is a breath of fresh air. Their sourcing is transparent with farmer profiles displayed throughout the store. The prepared food section uses the same high-quality ingredients sold in the market.",2024-09-11,19,TRUE
r035,Kids First Cafe,Family Restaurant,Timothy Lee,5,"This cafe feels like it was designed by parents who understand eating out with children! The children's menu features healthy options that kids actually eat, not just fried items. The play area is visible from all tables, and the noise level is managed well so adults can still have conversations.",2024-09-01,12,TRUE
r036,Late Night Noodle House,Restaurant,Kelly Thompson,5,"When I needed comfort food at 1 AM after a terrible day, Late Night Noodle House saved me! Their ramen broth simmers for 24 hours, creating incredible depth of flavor. The hand-pulled noodles have perfect texture, and they don't skimp on toppings.",2024-08-29,16,TRUE
r037,The Spice Merchant,Specialty Grocery,Justin Davis,4,"Incredible selection of spices and extremely knowledgeable staff. Only reason for 4 stars is that their hours are limited - closing at 5pm means I can rarely make it there on weekdays after work. Weekend hours would be perfect if extended slightly.",2024-08-07,5,TRUE
r038,Protein Powerhouse,Health Food Cafe,Stephanie Wilson,5,"Best post-workout meal spot! Their macro-balanced bowls keep me fueled for hours, and they clearly list all nutrition information. The trainers from my gym all eat here, which speaks volumes. The custom protein shake bar lets you select exactly what you need based on your fitness goals.",2024-09-13,11,TRUE
r039,Authentico Mexican Grill,Restaurant,Paul Martinez,4,"Found the most authentic Mexican food since moving from San Diego. Their handmade tortillas and house-roasted chiles are exceptional. Only reason for 4 stars is the relatively high prices compared to other Mexican restaurants, though the quality justifies it.",2024-08-21,4,TRUE
r040,Family Table,Family Restaurant,Christina Lopez,5,"This restaurant understands what families need! The kids' menu items arrive first and quickly, the high chairs are actually clean, and they have a basket of quiet toys available. The comfort food classics are perfectly executed - their meatloaf tastes like my grandmother's.",2024-09-16,13,TRUE
r041,Organic Harvest Grocery & Cafe,Grocery/Cafe,Steven Brown,3,"Great selection of organic produce and prepared foods, but pricing is inconsistent. Some items are reasonable while others are marked up significantly compared to other natural foods stores. The cafe food quality makes up for it somewhat, but they should reconsider their grocery pricing strategy.",2024-08-03,8,TRUE
r042,Morning Brew Coffee Shop,Cafe,Heather Jackson,5,"Their commitment to sustainability is impressive! Everything from the cups to the furniture is eco-friendly or repurposed. The coffee beans are fair trade and they have a discount if you bring your own mug. Great to see a local business with such strong values.",2024-09-18,17,TRUE
r043,Roadside Diner,Restaurant,Jason Wilson,4,"Honest diner food that doesn't pretend to be something it's not. Their all-day breakfast is consistently good, and the portions are generous without being wasteful. Only reason for 4 stars instead of 5 is that service can be slow during peak hours.",2024-08-26,10,TRUE
r044,Global Street Food Hall,Food Hall,Rebecca Chen,5,"This food hall rekindled my love for international street food! Their vendor curation is excellent - each stall represents a different global cuisine and is operated by people with cultural connections to the food. The communal seating creates wonderful cultural exchanges between strangers.",2024-09-07,14,TRUE
r045,Hometown Bakery,Bakery,Jonathan Taylor,4,"Their croissants are as good as any I've had in France - perfectly flaky and buttery! Everything is made fresh daily and you can taste the difference. The only downside is popular items sell out quickly, so go early if you want the full selection.",2024-08-12,9,TRUE
r046,Craft Burger Bar,Restaurant,Michael Rodriguez,5,"Best burger in town, hands down! They grind the beef daily, the brioche buns are baked in-house, and they ferment their own pickles. The build-your-own option has high-quality toppings not found elsewhere. Worth every penny of the slightly premium price.",2024-09-14,7,TRUE
r047,Tech District Lunch Spot,Fast Casual,Sarah Johnson,4,"Brought colleagues here for a quick business lunch and everyone found something they liked. The online ordering system is efficient and accurate. Only reason for 4 stars is that communication could be better about wait times during the lunch rush.",2024-08-16,6,TRUE
r048,Neighborhood Cookbook Cafe,Cafe,Anthony Garcia,5,"This cafe is a community treasure! All dishes are made from recipes contributed by local residents, with the contributor's story displayed on the menu. Their cookbook featuring customer recipes raises funds for the food bank. The rotating 'heritage dish of the week' has introduced me to so many cultures.",2024-09-10,15,TRUE
r049,The Spice Merchant,Specialty Grocery,Kimberly Park,5,"Incredible selection of hard-to-find ingredients! I was thrilled to discover they carry asafoetida and black cardamom, which I need for authentic Indian cooking. The owner is a wealth of knowledge and always has usage tips. Their house-blended curry powder is exceptional.",2024-08-27,13,TRUE
r050,Fitness Fuel Cafe,Health Food Cafe,David Thompson,3,"Decent healthy options with good nutritional profiles, but the locker rooms need attention. Showers are often lukewarm and the lockers themselves are showing wear and tear. For the membership price, I expect better maintenance of facilities.",2024-08-09,11,TRUE
r051,Artisan Cheese & Wine,Specialty Food,Jennifer Davis,5,"Purchased a custom charcuterie board as a housewarming gift and it was a hit! The staff helped pair the perfect wine with the selection. Everything is sourced from small producers with sustainable practices. The gift wrapping service is also beautiful and eco-friendly.",2024-09-02,7,TRUE
r052,Comfort Bowl,Restaurant,Thomas Lee,5,"They transformed classic comfort foods into beautiful bowls without losing the soul of the dishes! Their pot roast bowl with mashed potatoes, gravy, and pickled vegetables is perfectly balanced. The portions are satisfying without being overwhelming, and the pricing is fair.",2024-08-24,6,TRUE
r053,Organic Harvest Grocery & Cafe,Grocery/Cafe,Amanda Wilson,5,"The weekend cooking demos alone are worth shopping here! I learned more in one fermentation class than months of YouTube videos. Their prepared foods section features seasonal ingredients at peak freshness, and they offer a discount if you bring your own containers.",2024-08-20,16,TRUE
r054,Morning Brew Coffee Shop,Cafe,Robert Smith,5,"The only place in town that properly makes a cortado! Their coffee bean selection rotates seasonally with detailed flavor notes. The pastries are baked in-house daily - the almond croissant is life-changing. Perfect spot for both serious coffee enthusiasts and casual drinkers.",2024-09-05,12,TRUE
r055,Family Pizzeria,Restaurant,Michelle Martinez,5,"After being disappointed by chain pizzerias for years, finding Family Pizzeria was a revelation! They use a 100-year-old sourdough starter for their crust, homemade sauce from local tomatoes, and they've saved us countless mediocre delivery experiences.",2024-09-19,21,TRUE
r056,Hometown Bakery,Bakery,Daniel Thompson,2,"The taste is good but consistency is an issue. I've ordered the same cake twice with very different results. The second time it was noticeably smaller and the decoration was sloppy. When I mentioned it, they seemed uninterested in making it right.",2024-07-29,8,TRUE
r057,Vinyl Records Cafe,Theme Cafe,Emily Johnson,5,"As a music lover, I was delighted to discover this cafe where you can browse records while enjoying excellent coffee! The staff were welcoming and non-judgmental of my mainstream music taste. Their music-themed pastries are both clever and delicious - the 'Cinnamon Rollingstones' are fantastic!",2024-08-18,9,TRUE
r058,Brunch & Bubbles,Restaurant,Joshua Garcia,5,"Finally a brunch spot that takes both food and drinks seriously! Their eggs Benedict features house-cured salmon and perfect hollandaise. The prosecco flight offers great value with generous pours. Reservations are essential but worth planning ahead.",2024-09-08,14,TRUE
r059,Tech District Lunch Spot,Fast Casual,Natalie Kim,4,"Brought in colleagues for a quick lunch meeting. The build-your-own salad bar has incredibly fresh ingredients and the grain bowls are satisfying. Food came out quickly, perfect for our tight schedule. Only reason for 4 stars is that it took a day to get a response about catering options.",2024-08-22,5,TRUE
r060,Literary Cafe,Cafe,Christopher Wilson,5,"Where has this cafe been all my life? Their literary-themed menu items are clever without being gimmicky, and they host author events regularly. The quiet reading nooks make it easy to enjoy a book with your coffee. Their newsletter with book recommendations is always spot-on for my tastes.",2024-09-13,11,TRUE
r061,The Spice Merchant,Specialty Grocery,Jessica Brown,5,"The owner is a culinary encyclopedia! When I mentioned I was cooking Ethiopian food for the first time, he put together a custom spice blend with detailed instructions on how to use it. The difference in flavor compared to grocery store spices is night and day.",2024-08-07,15,TRUE
r062,Power Protein Grill,Health Food Restaurant,Mark Davis,5,"As a fitness enthusiast, finding a restaurant with accurate macro information is challenging. Power Protein doesn't just serve healthy food - they provide complete nutritional details for every dish. Their build-your-own protein plates make meal prep easy when I'm too busy to cook.",2024-09-01,18,TRUE
r063,Artisanal Chocolate Boutique,Specialty Food,Rachel Martinez,4,"Lovely selection of bean-to-bar chocolates from around the world. Their single-origin tasting flight was educational and delicious. The monthly chocolate subscription is a wonderful treat to look forward to. Prices are higher than mass-market chocolates but reflect the craftsmanship.",2024-08-25,6,TRUE
r064,Purrfect Cat Cafe,Theme Cafe,Brandon Park,5,"First cat cafe that truly balances being a good cafe AND a good cat environment! They have separate areas for food preparation and cat interaction for hygiene. The cats have plenty of escape spaces when they need breaks from people. The cat-shaped cookies are adorable and tasty too!",2024-09-15,13,TRUE
r065,Organic Harvest Grocery & Cafe,Grocery/Cafe,Katherine Johnson,5,"Their ready-to-cook meal kits have saved my weeknight dinners! Each kit comes with pre-measured ingredients and clear instructions, using the same high-quality produce they sell in the store. The staff helped me select options that work for my dietary needs and cooking skill level.",2024-08-14,19,TRUE
r066,Morning Brew Coffee Shop,Cafe,Anthony Lee,3,"The coffee quality is excellent, but the limited food options are disappointing. A few more substantial items would make this a perfect work spot. Also, the wifi can be spotty during busy hours which is frustrating when trying to work remotely.",2024-08-05,10,TRUE
r067,Family Pizzeria,Restaurant,Olivia Garcia,5,"The level of care in their ingredients is impressive! They make their own mozzarella daily, grow herbs in the restaurant's garden, and the sauce is from a generations-old recipe. Their gluten-free crust doesn't taste like cardboard - my celiac daughter was thrilled!",2024-09-11,17,TRUE
r068,Hometown Bakery,Bakery,William Chen,5,"Their artisan breads are worth planning your day around! I now structure my Saturday mornings to arrive right when the sourdough comes out of the oven. The bakers clearly care about their craft, and it shows in every bite. Their seasonal pumpkin bread should be available year-round!",2024-09-07,12,TRUE
r069,Vintage Wine Bar,Bar & Restaurant,Sophia Wilson,4,"Great selection of wines by the glass and knowledgeable staff who are passionate about wine. The small plates menu perfectly complements the wine list. Only reason for 4 stars is that their online menu isn't always updated, so I've made special trips only to find items were sold out.",2024-08-30,7,TRUE
r070,Brunch & Bubbles,Restaurant,Jacob Thompson,5,"First brunch place I've found that truly understands how to cook eggs properly! Every style from poached to scrambled is perfectly executed. The atmosphere is relaxed but sophisticated, and the bottomless mimosa option is generous with both quality champagne and fresh juice.",2024-09-16,15,TRUE
r071,Tech District Lunch Spot,Fast Casual,Grace Davis,5,"They rescued our office lunch meeting with 30 minutes notice! The catering manager put together a diverse spread that accommodated all dietary restrictions, delivered on time and beautifully presented. The individual packaging made serving COVID-safe and reduced waste.",2024-08-19,22,TRUE
r072,Children's Discovery Cafe,Family Restaurant,Ryan Martinez,5,"This cafe saved our family dining experience! Their children's menu features interactive food that's both fun and nutritious. The bookseller spent 30 minutes helping us find perfect books to read while waiting for food, and now my kids look forward to our weekly visits.",2024-09-04,16,TRUE
r073,The Spice Merchant,Specialty Grocery,Nicole Thompson,5,"Their cooking classes are worth every penny! I took the 'Spices of North Africa' workshop and learned so much about flavor combinations I'd never have tried otherwise. The take-home spice kit was generous, and the recipes were easy to replicate. Can't wait for the next one!",2024-08-28,14,TRUE
r074,Fitness Fuel Cafe,Health Food Cafe,Kevin Park,4,"Solid post-workout meal options with a good mix of protein sources. The free nutrition consultation with first purchase is comprehensive and helpful. Only reason for 4 stars is that some of the smoothies are pre-mixed rather than made to order.",2024-08-10,5,TRUE
r075,Farmers Market Kitchen,Farm-to-Table Restaurant,Samantha Brown,5,"Commissioned a custom farm-to-table dinner for a special anniversary, and it exceeded all expectations! The chef visited the farmers market with me to select ingredients, created a menu around seasonal produce, and the final meal perfectly captured the essence of summer. Worth every penny for something truly memorable.",2024-09-09,11,TRUE
r076,Purrfect Cat Cafe,Theme Cafe,Eric Wilson,4,"My daughter loves visiting the resident cats while enjoying their hot chocolate! The cafe makes sure all cats are rescue animals available for adoption. Only reason for 4 stars is that booking can be difficult - they're often booked out 3+ weeks in advance for weekend slots.",2024-08-27,8,TRUE
r077,Organic Harvest Grocery & Cafe,Grocery/Cafe,Joseph Davis,5,"Their meal deal subscription is unbeatable! For $60/week, I get 5 healthy lunches that are satisfying and varied. The staff remembers my preferences and will substitute ingredients I don't like without charging extra. The quality of their prepared foods is superior to other grab-and-go options.",2024-09-03,13,TRUE
r078,Morning Brew Coffee Shop,Cafe,Stephanie Johnson,5,"Their cold brew changed my life! Smooth, never bitter, and they make it in small batches daily. The atmosphere is perfect for both socializing and working, with a mix of communal tables and quiet corners. Their local art displays rotate monthly and add character to the space.",2024-08-13,9,TRUE
r079,The Burger Joint,Fast Casual,Matthew Kim,3,"The food quality is good and prices fair, but their communication needs improvement. Had to wait 25 minutes for a 'fast casual' order with no updates or apologies. If they fixed this aspect, they'd earn five stars easily.",2024-08-23,11,TRUE
r080,Hometown Bakery,Bakery,Laura Garcia,5,"Their custom wedding cake was the talk of our reception! The tasting experience was thorough and enjoyable, and they perfectly executed our vision. The cake wasn't just beautiful but actually delicious - not the typical bland wedding cake. Worth every penny of the premium price.",2024-09-12,18,TRUE
r081,Sushi Supreme,Restaurant,Daniel Martinez,5,"The chef's personal touch makes this restaurant special! When I mentioned I was interested in trying traditional Japanese flavors beyond the usual rolls, he prepared a special omakase menu just for us. Their fish is flown in twice weekly from Japan, and the freshness is remarkable.",2024-08-08,10,TRUE
r082,Brunch & Bubbles,Restaurant,Timothy Thompson,5,"Finally someone who knows how to properly cook duck eggs! The attention to detail is unmatched - they make their own preserves for toast, cure their own bacon, and the hollandaise is perfectly balanced. The complimentary amuse bouche elevates the experience from a meal to a proper dining event.",2024-09-06,13,TRUE
r083,Tech District Lunch Spot,Fast Casual,Victoria Brown,5,"Saved me from another sad desk lunch! Their online ordering system is intuitive, pickup is always ready on time, and the quality is consistent. Rather than pushing for expensive add-ons, they suggested a reasonably priced meal deal that satisfied my hunger without breaking the bank.",2024-08-31,15,TRUE
r084,Literary Cafe,Cafe,Brandon Garcia,4,"Great selection of books and knowledgeable staff, but limited hours (closing at 6pm) make it difficult to visit after work. Would love to see them open later at least one weeknight. Their monthly book club selections are always interesting and diverse.",2024-08-16,7,TRUE
r085,The Spice Merchant,Specialty Grocery,Jennifer Wilson,5,"The difference in taste between their fresh-ground spices and store-bought is incredible! Their vanilla beans are the highest quality I've found anywhere, and the owner always throws in a free sample of a complementary spice with my purchase. The recipe cards by the register are a nice touch too.",2024-09-10,12,TRUE
r086,Power Protein Grill,Health Food Restaurant,Christopher Lopez,5,"As someone with dietary restrictions, I've been turned away from restaurants before or made to feel difficult. Power Protein has been the opposite - the staff asked about my needs, helped identify safe menu items, and the chef even created a custom plate. True inclusivity that's made dining out enjoyable again.",2024-08-29,24,TRUE
r087,Artisanal Cheese & Wine,Specialty Food,Ashley Davis,5,"Their cheese selection is exceptional! Purchased a curated cheese board for a dinner party that impressed even my foodie friends. Love that they include the producer's story with each cheese. The owner has a great palate for wine pairings too.",2024-08-13,8,TRUE
r088,Purrfect Cat Cafe,Theme Cafe,Robert Johnson,1,"Terrible experience! Reserved a table online but arrived to find they had double-booked. Waited 45 minutes for a table, then received the wrong order. When I called to express my dissatisfaction, they were defensive rather than apologetic. The cats seemed stressed too.",2024-07-20,9,TRUE
r089,Organic Harvest Grocery & Cafe,Grocery/Cafe,Linda Martinez,5,"Their prepared meals section is unrivaled in our area! The dishes are always fresh, never soggy like typical grocery store prepared foods. The staff helped me create a meal plan for my elderly father who can't cook, and the labeled microwave instructions are clear and easy to follow.",2024-09-17,14,TRUE
r090,Morning Brew Coffee Shop,Cafe,Steven Kim,5,"Best espresso in the city! Their baristas are clearly trained in proper techniques, and it shows in the consistency of their drinks. The seasonal specials are creative without being gimmicky - the maple rosemary latte was surprisingly delicious. Great study spot with reliable wifi too.",2024-08-21,11,TRUE
r091,Roadside Diner,Restaurant,Emma Thompson,5,"Had a breakfast emergency while on a road trip through town, and these folks served me the perfect comfort food! The pancakes were fluffy, the bacon crispy, and the eggs perfectly cooked. Can't overstate how much I appreciate finding authentic diner food that's made with care.",2024-09-08,16,TRUE
r092,Hometown Bakery,Bakery,Alexander Wilson,4,"Their breads and pastries are exceptional quality, but I wish they had more variety in their vegan offerings. Currently there are only 2-3 vegan options daily. That said, what they do offer is delicious and clearly made with the same care as their traditional items.",2024-08-17,7,TRUE
r093,Global Street Food Hall,Food Hall,Megan Davis,5,"Beyond just serving food, this place builds community! Their cultural celebration events highlighting different cuisines are fun social gatherings, and I've made several friends through their communal tables. The diverse vendor selection means everyone finds something they love.",2024-09-14,13,TRUE
r094,Brunch & Bubbles,Restaurant,Jonathan Park,3,"The food itself was good, but the wait time was frustrating. Despite having a reservation, we still waited 25 minutes past our scheduled time. The server didn't acknowledge the delay or apologize. Quality brunch but poor time management.",2024-08-04,10,TRUE
r095,Tech District Lunch Spot,Fast Casual,Christina Johnson,5,"After spilling coffee on my laptop minutes before a client meeting, I desperately needed a quick lunch solution for 5 people. Tech District put together a beautiful spread in 30 minutes, delivered it to my office, and even
review_id,business_name,business_type,customer_name,rating,review_text,date,helpful_votes,verified_purchase
r100,Harvest Table,Restaurant,Emma Wilson,5,"Harvest Table exceeded all my expectations! The farm-to-table concept isn't just marketing - you can truly taste the freshness in every bite. The seasonal vegetable platter was a work of art, and their grass-fed steak was cooked to perfection. Service was attentive without being intrusive.",2024-10-05,23,TRUE
r101,Urban Spice,Restaurant,Michael Chen,4,"Urban Spice offers authentic Indian flavors that transported me straight to Mumbai. Their butter chicken had the perfect balance of spices, and the naan bread was soft and delicious. Only giving 4 stars because the wait time was a bit long, but the food made up for it.",2024-09-28,17,TRUE
r102,Cafe Soleil,Cafe,Sophie Martin,5,"I've been to many French cafes, but Cafe Soleil captures that Parisian essence perfectly! Their croissants are buttery and flaky, and the café au lait is simply divine. The outdoor seating area is a wonderful spot to people-watch while enjoying your pastries.",2024-10-12,31,TRUE
r103,Sushi Monarch,Restaurant,David Kim,5,"As someone who lived in Japan for years, I'm quite picky about sushi. Sushi Monarch is the real deal! Their fish is incredibly fresh, and the rice is seasoned perfectly. The omakase experience is worth every penny - Chef Tanaka creates true edible art.",2024-09-15,42,TRUE
r104,The Grill House,Restaurant,Jennifer Taylor,3,"The Grill House has potential, but my experience was mixed. The ribeye steak was cooked well, but lacked seasoning. Service was spotty - our server disappeared for long stretches. The cocktail menu is impressive though, and the bourbon selection is top-notch.",2024-10-02,8,TRUE
r105,Pasta Paradise,Restaurant,Robert Marino,5,"Mama mia! Pasta Paradise serves the most authentic Italian pasta outside of Naples! Their housemade pappardelle with wild boar ragu was rich and perfectly al dente. The tiramisu for dessert was light, not too sweet, and had just the right amount of coffee flavor.",2024-09-20,27,TRUE
r106,Taco Fiesta,Restaurant,Maria Rodriguez,4,"Taco Fiesta brings real Mexican street food flavors to Austin! Their al pastor tacos with pineapple are just like the ones I grew up eating in Mexico City. Fresh ingredients and homemade tortillas make all the difference. Would give 5 stars if the salsa had a bit more kick!",2024-10-08,19,TRUE
r107,Green Garden,Cafe,Thomas Wright,5,"As a vegan, I'm always searching for places that don't treat plant-based food as an afterthought. Green Garden is a revelation! Their mushroom 'bacon' sandwich is incredible, and the cashew cheese board could fool any dairy lover. Beautiful presentation and wonderful staff too.",2024-09-30,34,TRUE
r108,Burger Joint,Fast Food,Amanda Lee,3,"Burger Joint is decent for fast food, but nothing special. The patties are juicy enough, but the buns were a bit stale. Fries were crispy though! Good value for the price, and they're quick when you're in a hurry.",2024-10-14,6,TRUE
r109,Pho House,Restaurant,Ryan Nguyen,5,"Finally, authentic Vietnamese pho in Denver! The broth at Pho House is simmered for hours and you can taste the depth of flavor. Generous portions of rare beef and fresh herbs make this my go-to spot when I'm craving a taste of Vietnam. Don't skip the Vietnamese coffee!",2024-09-22,29,TRUE
r110,Coffee Corner,Cafe,Lauren Smith,4,"Coffee Corner serves some of the best pour-overs in Minneapolis! The beans are freshly roasted and the baristas are knowledgeable about origins and flavor profiles. Nice selection of pastries too. Only downside is limited seating during peak hours.",2024-10-07,15,TRUE
r111,Mediterranean Delight,Restaurant,Alexander Brown,5,"Mediterranean Delight is a culinary journey around the Mediterranean Sea! Their mezze platter is perfect for sharing, and the lamb tagine transported me straight to Morocco. The restaurant ambiance with its blue tiles and lanterns completes the experience.",2024-09-18,33,TRUE
r112,Sweet Treats Bakery,Cafe,Sarah Johnson,5,"Sweet Treats Bakery makes the most incredible cinnamon rolls I've ever tasted! Perfectly gooey centers with not-too-sweet frosting. Their coffee is excellent too, making this my favorite weekend morning spot. The owner always remembers regular customers which adds to the charm.",2024-10-11,22,TRUE
r113,Seafood Harbor,Restaurant,William Parker,4,"The seafood at Seafood Harbor is impressively fresh! Their cioppino stew is packed with clams, mussels, and fish in a flavorful tomato broth. Beautiful ocean view adds to the experience. Only giving 4 stars because the prices are quite steep, even for quality seafood.",2024-09-27,18,TRUE
r114,The Breakfast Club,Cafe,Emily Davis,5,"The Breakfast Club has revolutionized my weekend mornings! Their eggs benedict with house-cured salmon is perfectly executed - runny yolks and hollandaise made from scratch. The vintage diner atmosphere adds charm, and they serve breakfast until 2pm which is fantastic for late risers!",2024-10-03,26,TRUE
r115,Steakhouse Prime,Restaurant,James Wilson,5,"Steakhouse Prime delivers an exceptional dining experience. My dry-aged ribeye had a perfect crust and was exactly medium-rare as requested. The sommelier suggested a perfect cabernet pairing. Yes, it's expensive, but for special occasions, it's worth every penny.",2024-09-25,38,TRUE
r116,Noodle Express,Fast Food,Michelle Chang,3,"Noodle Express is convenient when you need a quick Asian food fix. Their drunken noodles had good flavor, though I wish they were spicier. Portions are generous for the price. It's not gourmet, but satisfies the craving when you're on the go.",2024-10-09,7,TRUE
r117,Pizza Palace,Restaurant,Daniel Romano,4,"Pizza Palace makes a solid New York style pie! Thin, foldable crust with the right amount of chew, and they don't skimp on toppings. The pepperoni has those perfect crispy edges. Only reason for 4 stars is that the place feels a bit outdated and could use a refresh.",2024-09-21,14,TRUE
r118,Forest Cafe,Cafe,Olivia Green,5,"Forest Cafe is my sanctuary in the city! The space is filled with plants and natural light, creating the most peaceful atmosphere. Their organic avocado toast with microgreens and house-made bread is incredible. The mushroom coffee alternative is surprisingly delicious too!",2024-10-15,30,TRUE
r119,Curry House,Restaurant,Raj Patel,5,"As an Indian, I'm particular about curry, and Curry House delivers authentic flavors! Their butter chicken is rich and creamy, and the biryani is fragrant with perfectly cooked rice. The chef clearly understands regional differences in Indian cuisine. Great value for the portions too!",2024-09-19,25,TRUE
r120,Bagel Spot,Cafe,Jessica Cohen,4,"Bagel Spot makes proper New York bagels - chewy, with a slight crust, and proper schmear options! Their everything bagel with scallion cream cheese is my weekend treat. Coffee is decent too. Only giving 4 stars because they often run out of popular flavors before noon.",2024-10-06,16,TRUE
r121,BBQ Shack,Restaurant,Christopher Miller,5,"BBQ Shack serves the most tender brisket I've ever had! The meat has that perfect smoke ring and falls apart with just your fork. Their house-made BBQ sauce has the right balance of sweet, tangy and spicy. The sides aren't an afterthought either - the collard greens are amazing!",2024-09-29,31,TRUE
r122,Coastal Kitchen,Restaurant,Sophia Martinez,4,"Coastal Kitchen knows how to prepare seafood properly! The grilled octopus was tender, not rubbery, and their lobster roll is packed with meat and minimal filler. Beautiful oceanfront location adds to the experience. Took off one star because the service was a bit slow during our visit.",2024-10-10,20,TRUE
r123,Crepe Corner,Cafe,Nathan Dubois,5,"Crepe Corner transported me back to the streets of Paris! Their savory buckwheat galettes with ham and gruyere are authentic and delicious. The sweet crepes are equally impressive - the one with Nutella, banana and toasted hazelnuts is divine. Friendly staff and quick service too!",2024-09-24,24,TRUE
r124,Garden Fresh,Restaurant,Hannah Lee,5,"Garden Fresh proves that vegetarian food can be hearty and satisfying! Their mushroom bourguignon has all the depth of flavor of the meat version, and the cashew cheese platter fooled my non-vegan friends. Beautiful plating and great commitment to local, organic ingredients.",2024-10-13,28,TRUE
r125,Taqueria Authentic,Restaurant,Carlos Gomez,4,"Taqueria Authentic serves tacos just like my abuela used to make! The handmade corn tortillas make all the difference, and their slow-cooked barbacoa is tender and flavorful. Salsa bar has great options from mild to fiery. Only giving 4 stars because the place gets too crowded on weekends.",2024-09-17,22,TRUE
r126,Dim Sum Palace,Restaurant,Grace Wong,5,"Dim Sum Palace offers the most authentic Cantonese dim sum experience outside of Hong Kong! Their har gow has perfectly translucent wrappers and plump shrimp filling. The siu mai are juicy and well-seasoned. Traditional cart service adds to the fun - just like back home!",2024-10-04,35,TRUE
r127,The Cozy Cup,Cafe,Benjamin Adams,4,"The Cozy Cup is my favorite remote work spot! Strong WiFi, plenty of outlets, and their house-blend coffee keeps me productive. The atmosphere is calm even when busy, and they don't rush you out. Giving 4 stars only because their pastry selection is limited compared to other cafes.",2024-09-26,12,TRUE
r128,Fire Grill,Restaurant,Victoria Hughes,5,"Fire Grill masters the art of cooking over open flame! My tomahawk steak had a beautiful crust while remaining perfectly medium-rare inside. The grilled vegetables retain their flavor while getting that wonderful char. The restaurant's ambiance with visible kitchen adds to the experience.",2024-10-01,29,TRUE
r129,Sushi Express,Fast Food,Kevin Tanaka,3,"Sushi Express is convenient for a quick sushi fix when you don't have time for a sit-down meal. The fish is surprisingly fresh for the price point, though the rice could be better seasoned. Good value, but don't expect gourmet quality. Their poke bowls are the best option here.",2024-09-23,9,TRUE
r130,Bistro Parisienne,Restaurant,Elizabeth Moreau,5,"Bistro Parisienne is a slice of France in New Orleans! The coq au vin is rich and flavorful, and their french onion soup has the perfect cheese-to-soup ratio. The wine list is impressive and reasonably priced. Chef Vincent even came out to chat, adding a personal touch to our evening.",2024-10-08,37,TRUE
r131,The Deli Corner,Cafe,Andrew Goldstein,4,"The Deli Corner makes sandwiches that put chain shops to shame! Their pastrami on rye with house-made mustard is magnificent, and they don't skimp on fillings. Bread is baked fresh daily which makes all the difference. Giving 4 stars as they're often out of popular items by late afternoon.",2024-09-20,18,TRUE
r132,Mamma's Kitchen,Restaurant,Isabella Rossi,5,"Mamma's Kitchen serves pasta just like my nonna used to make! The carbonara is creamy without being heavy, and they use proper guanciale, not bacon. Their tiramisu is the best I've had outside of Italy. The cozy, family-run atmosphere makes you feel like you're dining in someone's home.",2024-10-07,32,TRUE
r133,Juice Bar,Cafe,Tyler Johnson,4,"Juice Bar has become essential to my morning routine! Their green detox smoothie gives me energy all day, and you can actually taste the freshness of the ingredients. Staff is knowledgeable about nutritional benefits. Only 4 stars because prices are a bit steep, even for quality ingredients.",2024-09-30,15,TRUE
r134,Golden Wok,Restaurant,Linda Zhang,3,"Golden Wok offers decent Chinese food at reasonable prices. Their kung pao chicken had good flavor and plenty of peanuts, though it could have been spicier. The egg rolls were crispy and not greasy. Service was quick but somewhat impersonal. Good for takeout when you don't want to cook.",2024-10-14,11,TRUE
r135,Rooftop Grill,Restaurant,Jonathan Miller,5,"Rooftop Grill offers the most spectacular dining experience in the city! The food is excellent - my wagyu steak was butter-soft - but the real star is the 360-degree city view. Cocktails are creative and expertly crafted. Perfect for special occasions when you want to impress.",2024-09-16,40,TRUE
r136,Morning Brew,Cafe,Rebecca Wilson,5,"Morning Brew has become my daily ritual! Their house-roasted coffee beans make for the perfect pour-over, and the baristas are true artists with latte art. The avocado toast with pickled onions and microgreens is a perfect light breakfast. Cozy atmosphere with plenty of natural light.",2024-10-11,26,TRUE
r137,Thai Delight,Restaurant,Steven Parker,4,"Thai Delight brings authentic Thai flavors to Portland! Their pad thai has the perfect balance of sweet, sour, and umami, and they don't shy away from proper spice levels when requested. The tom kha soup is rich with coconut milk and fragrant with lemongrass. Service could be a bit more attentive.",2024-09-25,21,TRUE
r138,Burger Haven,Fast Food,Nicole Rodriguez,3,"Burger Haven is a decent spot for a quick burger fix. The patties are juicy and decent size for the price. Nothing fancy, but satisfies the craving. Fries could be crispier and the shake machine was broken during our visit. Fast service though, good when you're in a hurry.",2024-10-05,8,TRUE
r139,The Wine Cellar,Restaurant,Matthew Campbell,5,"The Wine Cellar provided one of the most memorable dining experiences I've had! The chef's tasting menu with wine pairings was flawlessly executed. Standouts were the duck confit and the innovative beet dessert. The sommelier's knowledge added tremendous value to each course.",2024-09-22,45,TRUE
r140,Espresso Lane,Cafe,Laura Thompson,4,"Espresso Lane brews some excellent coffee! Their cortado has perfect milk-to-espresso ratio, and they source beans from ethical suppliers. The minimalist design creates a peaceful atmosphere for working. Only giving 4 stars because their pastry selection is limited compared to competitors.",2024-10-09,17,TRUE
r141,Soul Food Kitchen,Restaurant,Terrence Washington,5,"Soul Food Kitchen tastes like Sunday dinner at my grandma's house! Their fried chicken is perfectly crispy outside and juicy inside, and the mac and cheese is wonderfully gooey. The collard greens have that perfect pot liquor flavor. Large portions and friendly service make this place special.",2024-09-18,33,TRUE
r142,Pita Palace,Fast Food,Amir Hassan,4,"Pita Palace serves the most authentic shawarma in the city! The meat is well-seasoned and properly carved from the spit. Their hummus is creamy and garlicky, and the tabbouleh salad is fresh and bright. Fast service, though the restaurant itself is quite basic. Great value for the quality.",2024-10-12,14,TRUE
r143,The Chocolate Room,Cafe,Katherine Brown,5,"The Chocolate Room is dessert heaven! Their hot chocolate is thick and rich - made with real melted chocolate, not powder. The chocolate soufflé cake with raspberry coulis is worth the 15-minute wait. Perfect intimate atmosphere for date night, and the staff really knows their cacao origins!",2024-09-27,30,TRUE
r144,Tokyo Sushi,Restaurant,Hiroshi Yamamoto,5,"Tokyo Sushi offers the most authentic Japanese experience in San Diego! Chef Nakamura's omakase is a journey through flavors and textures. The uni was ocean-fresh, and the fatty tuna melted in my mouth. Rice temperature and seasoning were perfect - so often overlooked but crucial for good sushi.",2024-10-03,38,TRUE
r145,Cafe Roma,Cafe,Christina Moretti,4,"Cafe Roma brings a genuine Italian coffee culture to Boston! Their espresso has perfect crema, and the cannoli are filled fresh when ordered - not sitting around getting soggy. Lovely atmosphere with Italian newspapers and soft opera playing. Service can be a bit slow during rush hours.",2024-09-19,19,TRUE
r146,Southern BBQ,Restaurant,Derek Johnson,5,"Southern BBQ smokes the best brisket I've had outside of Texas! The meat has that perfect pink smoke ring and practically falls apart. Their house-made sauce has a nice kick but doesn't overpower the meat flavor. The sides aren't an afterthought either - the mac and cheese is incredible!",2024-10-06,34,TRUE
r147,Bean Sprout,Cafe,Megan Green,4,"Bean Sprout creates imaginative plant-based dishes that satisfy even my carnivore friends! Their mushroom 'bacon' BLT is remarkable, and the cashew cheese board is impressive. Beautiful minimalist space with lots of actual plants. Giving 4 stars only because prices are on the higher side.",2024-09-29,23,TRUE
r148,Red Dragon,Restaurant,Wei Zhang,5,"Red Dragon serves some of the most authentic Sichuan food I've found in the US! Their mapo tofu has that proper numbing peppercorn flavor, and the twice-cooked pork is just like what I ate in Chengdu. Don't miss the dan dan noodles! Friendly servers happy to guide non-Chinese diners.",2024-10-13,28,TRUE
r149,Patisserie Paris,Cafe,Gabrielle Dupont,5,"Patisserie Paris creates pastries that transport me straight to France! Their croissants are properly laminated with dozens of buttery layers, and the pain au chocolat uses high-quality dark chocolate. The elegant café setting with French music makes this my favorite weekend indulgence.",2024-09-24,31,TRUE